rate_category,currency_count,avg_rate,max_rate,min_rate
high,146,9200.554246575335,1082638.15,1.27
low,20,0.7092799999999999,1.0,0.0226
